,astronaut_id,selection_id,year_of_selection
0,1,TsPK-1,1960
1,2,TsPK-1,1960
2,3,NASA Astronaut Group 1,1959
3,3,NASA Astronaut Group 2,1959
4,5,TsPK-1,1960
5,5,TsPK-2,1960
6,6,TsPK-1,1960
7,6,TsPK-2,1960
8,7,1960 NASA group 1,1959
9,7,1961 NASA group 1,1959
10,8,NASA- 1,1959
11,9,TsPK-1,1960
12,9,TsPK-2,1960
13,9,TsPK-3,1960
14,10,VVS Women,1962
15,11,TsPK-1,1960
16,11,TsPK-2,1960
17,12,Voskhod-1 / TsKBEM-1,1964
18,13,Voskhod-1,1964
19,14,TsPK-1,1960
20,15,TsPK-1,1960
21,15,TsPK-2,1960
22,16,NASA Astronaut Group 2,1959
23,17,1962 NASA group 2,1962
24,17,1963 NASA group 2,1962
25,17,1964 NASA group 2,1962
26,17,1965 NASA group 2,1962
27,17,1966 NASA group 2,1962
28,17,1967 NASA group 2,1962
29,18,NASA- 2,1962
30,18,NASA- 2,1962
31,19,1962 NASA group 2,1962
32,20,NASA- 2,1962
33,20,NASA- 2,1962
34,20,NASA- 2,1962
35,20,NASA- 2,1962
36,21,NASA- 2,1962
37,21,NASA- 2,1962
38,22,NASA- 2,1962
39,22,NASA- 2,1962
40,22,NASA- 2,1962
41,22,NASA- 2,1962
42,23,1996 NASA group,1962
43,23,1996 NASA group,1962
44,23,1996 NASA group,1962
45,23,1996 NASA group,1962
46,24,"1958 USAF Man in Space Soonest, 1960 USAF Dyna-Soar, NASA- 2",1962
47,24,"1958 USAF Man in Space Soonest, 1960 USAF Dyna-Soar, NASA- 2",1962
48,25,1963 NASA group 3,1963
49,25,1963 NASA group 3,1963
50,25,1963 NASA group 3,1963
51,26,NASA- 3,1963
52,26,NASA- 3,1963
53,26,NASA- 3,1963
54,27,NASA- 3,1963
55,27,NASA- 3,1963
56,28,NASA Astronaut Group 3,1963
57,28,NASA Astronaut Group 4,1963
58,29,NASA- 3,1963
59,29,NASA- 3,1963
60,30,NASA- 3,1963
61,31,NASA- 3,1963
62,100,NPOE-4,1978
63,101,1978 Intercosmos Group,1978
64,102,NASA- 7,1969
65,102,NASA- 7,1969
66,102,NASA- 7,1969
67,102,NASA- 7,1969
68,103,1978 Intercosmos Group,1978
69,104,NASA- 5,1966
70,104,NASA- 5,1966
71,105,1965 USAF MOL group 1,1969
72,105,1965 USAF MOL group 1,1969
73,106,"USAF MOL Group 2 
 NASA- 7",1969
74,106,"USAF MOL Group 2 
 NASA- 7",1969
75,107,TsPK-5,1970
76,108,CNES-1,1980
77,108,CNES-1,1980
78,109,NASA Astronaut Group 7,1969
79,109,NASA Astronaut Group 7,1969
80,109,NASA Astronaut Group 7,1969
81,110,NPOE-4,1978
82,32,TsPK-2,1964
83,33,NASA- 3,1963
84,34,TsPK-2,1963
85,34,TsPK-3,1963
86,34,TsPK-4,1963
87,35,TsPK-1,1960
88,35,TsPK-1,1960
89,36,Korolyov-Group / Mishin-Group / TsKBEM-1,1968
90,36,Korolyov-Group / Mishin-Group / TsKBEM-2,1968
91,36,Korolyov-Group / Mishin-Group / TsKBEM-3,1968
92,37,TsPK-1,1960
93,38,1963 NASA group 3,1963
94,39,TsPK-1,1960
95,40,Korolyov-Group / Mishin-Group / TsKBEM-1,1968
96,40,Korolyov-Group / Mishin-Group / TsKBEM-2,1968
97,40,Korolyov-Group / Mishin-Group / TsKBEM-3,1968
98,41,TsPK-2,1963
99,41,TsPK-3,1963
100,42,Korolyov-Group / Mishin-Group / TsKBEM-1,1968
101,42,Korolyov-Group / Mishin-Group / TsKBEM-1,1968
102,43,TsPK-1,1960
103,43,TsPK-2,1960
104,43,TsPK-3,1960
105,44,1963 NASA group 3,1963
106,44,1963 NASA group 3,1963
107,45,1966 NASA group 5,1966
108,46,NASA Astronaut Group 5,1966
109,47,Mishin-Group / TsKBEM-1,1968
110,47,Mishin-Group / TsKBEM-2,1968
111,48,1959 NASA group 1,1959
112,49,1966 NASA group 5,1966
113,50,NASA- 5,1966
114,51,Korolyov-Group / Mishin-Group / TsKBEM-1,1968
115,51,Korolyov-Group / Mishin-Group / TsKBEM-2,1968
116,51,Korolyov-Group / Mishin-Group / TsKBEM-3,1968
117,52,TsPK-2,1963
118,53,TsKBEM-1,1968
119,54,1966 NASA group 5,1966
120,55,NASA- 5,1966
121,56,NASA- 5,1966
122,56,NASA- 5,1966
123,57,NASA- 5,1966
124,58,NASA- 5,1966
125,59,NASA-4,1965
126,60,1966 NASA group 5,1966
127,60,1966 NASA group 5,1966
128,61,NASA- 4,1965
129,62,NASA- 5,1966
130,62,NASA- 5,1966
131,63,NASA Astronaut Group 4,1965
132,63,NASA Astronaut Group 5,1965
133,64,Voskhod-1 / TsPK-3,1964
134,65,Korolyov-Group / Mishin-Group / TsKBEM-1,1968
135,65,Korolyov-Group / Mishin-Group / TsKBEM-2,1968
136,65,Korolyov-Group / Mishin-Group / TsKBEM-3,1968
137,66,NASA- 5,1966
138,67,NASA-5,1966
139,68,NASA Astronaut Group 4,1965
140,69,TsPK-3,1965
141,69,TsPK-4,1965
142,69,TsPK-5,1965
143,70,TsKBEM-2 / AN-4,1972
144,70,TsKBEM-2 / AN-5,1972
145,71,TsPK-2,1963
146,72,TsPK-3,1965
147,73,TsPK-2,1963
148,74,TsPK-2,1963
149,74,TsPK-3,1963
150,75,Korolyov-Group / Mishin-Group / TsKBEM-1 / AN-3,1968
151,75,Korolyov-Group / Mishin-Group / TsKBEM-1 / AN-4,1968
152,75,Korolyov-Group / Mishin-Group / TsKBEM-1 / AN-5,1968
153,76,NASA- 5,1966
154,76,NASA- 5,1966
155,76,NASA- 5,1966
156,76,NASA- 5,1966
157,77,1959 NASA group 1,1959
158,78,TsPK-2,1963
159,79,TsKBEM-3,1973
160,79,TsKBEM-4,1973
161,80,TsPK-3,1965
162,81,TsPK-3,1965
163,82,TsPK-3,1965
164,83,TsPK-4,1967
165,83,TsPK-5,1967
166,83,TsPK-6,1967
167,84,TsKBEM-3,1973
168,84,TsKBEM-3,1973
169,84,TsKBEM-3,1973
170,84,TsKBEM-3,1973
171,85,TsPK-5,1970
172,85,TsPK-5,1970
173,86,TsPK-5,1970
174,86,TsPK-5,1970
175,86,TsPK-5,1970
176,86,TsPK-5,1970
177,86,TsPK-5,1970
178,87,Air Gorce Group 6 - USSR,1976
179,88,TsKBEM-3,1973
180,88,TsKBEM-4,1973
181,89,1976 Intercosmos Group,1976
182,90,Interkosmos-1,1976
183,91,TsPK-4,1967
184,91,TsPK-4,1967
185,91,TsPK-4,1967
186,92,1978 Intercosmos Group,1978
187,93,TsPK-5,1970
188,93,TsPK-6,1970
189,93,TsPK-7,1970
190,94,1978 Intercosmos Group,1978
191,95,TsPK-4,1967
192,95,TsPK-5,1967
193,96,1979 Intercosmos Group,1979
194,97,1978 Intercosmos Group,1978
195,98,TsPK-3,1965
196,98,TsPK-4,1965
197,98,TsPK-5,1965
198,99,TsKBEM-3,1973
199,99,TsKBEM-3,1973
200,99,TsKBEM-3,1973
201,99,TsKBEM-3,1973
202,100,NPOE-4,1978
203,110,NPOE-4,1978
204,110,NPOE-4,1978
205,111,MAP,1980
206,111,MAP,1980
207,112,MOL-2 / NASA-7,1966
208,112,MOL-2 / NASA-7,1966
209,113,NASA- 6,1967
210,113,NASA- 6,1967
211,114,NASA- 6,1967
212,115,"1966 USAF MOL Gropu 2, NASA- 7",1969
213,115,"1966 USAF MOL Gropu 2, NASA- 7",1969
214,115,"1966 USAF MOL Gropu 2, NASA- 7",1969
215,116,MOL-3 / NASA-7,1969
216,117,NASA-6,1967
217,117,NASA-6,1967
218,117,NASA-6,1967
219,117,NASA-6,1967
220,118,TsPK-6,1976
221,118,TsPK-7,1976
222,118,TsPK-8,1976
223,119,NASA Astronaut Group 8,1978
224,119,NASA Astronaut Group 8,1978
225,119,NASA Astronaut Group 8,1978
226,120,NASA- 8,1978
227,120,NASA- 8,1978
228,121,NASA-8,1978
229,121,NASA-8,1978
230,122,1978 NASA group,1978
231,122,1978 NASA group,1978
232,122,1978 NASA group,1978
233,122,1978 NASA group,1978
234,123,NPOE-4,1978
235,124,NASA- 8,1978
236,124,NASA- 8,1978
237,124,NASA- 8,1978
238,124,NASA- 8,1978
239,125,NASA- 8,1978
240,125,NASA- 8,1978
241,125,NASA- 8,1978
242,125,NASA- 8,1978
243,126,NASA Astronaut Group 8,1978
244,126,NASA Astronaut Group 8,1978
245,127,1967 NASA group,1967
246,127,1967 NASA group,1967
247,128,1978 NASA group 8,1978
248,128,1979 NASA group 8,1978
249,128,1980 NASA group 8,1978
250,129,NASA-6,1967
251,129,NASA-6,1967
252,130,NASA-9,1982
253,130,NASA-9,1982
254,131,ESA-1,1978
255,131,ESA-1,1978
256,132,NASA Astronaut Group 8,1978
257,132,NASA Astronaut Group 8,1978
258,132,NASA Astronaut Group 8,1978
259,132,NASA Astronaut Group 8,1978
260,132,NASA Astronaut Group 8,1978
261,133,NASA- 8,1978
262,133,NASA- 8,1978
263,134,1978 NASA group,1978
264,134,1978 NASA group,1978
265,135,NASA- 5,1966
266,135,NASA- 5,1966
267,136,NPOE-4,1978
268,136,NPOE-4,1978
269,137,AMN,1983
270,138,1982 Soviet Intercosmos Space Program,1982
271,139,1978 NASA group 8,1978
272,139,1978 NASA group 8,1978
273,140,NASA Astronaut Group 8,1978
274,141,1978 NASA group,1978
275,141,1978 NASA group,1978
276,142,NASA-8,1978
277,142,NASA-8,1978
278,142,NASA-8,1978
279,143,LII-1,1977
280,144,NASA- 8,1978
281,144,NASA- 8,1978
282,144,NASA- 8,1978
283,145,NASA-8,1978
284,145,NASA-8,1978
285,145,NASA-8,1978
286,146,NASA Astronaut Group 8,1978
287,146,NASA Astronaut Group 8,1978
288,146,NASA Astronaut Group 8,1978
289,146,NASA Astronaut Group 8,1978
290,146,NASA Astronaut Group 8,1978
291,147,NASA-8,1978
292,147,NASA-9,1978
293,148,PS,1983
294,148,PS,1983
295,148,PS,1983
296,149,NASA- 8,1978
297,150,1978 NASA group,1978
298,150,1978 NASA group,1978
299,150,1978 NASA group,1978
300,151,NASA- 9,1980
301,151,NASA- 9,1980
302,151,NASA- 9,1980
303,152,PS,1984
304,153,1983 NRC Group,1983
305,154,1978 NASA group 8,1978
306,154,1978 NASA group 8,1978
307,154,1978 NASA group 8,1978
308,155,NASA- 8,1978
309,156,1978 NASA group,1978
310,156,1978 NASA group,1978
311,156,1978 NASA group,1978
312,157,NASA-8,1978
313,157,NASA-8,1978
314,158,NASA- 8,1978
315,158,NASA- 8,1978
316,158,NASA- 8,1978
317,158,NASA- 8,1978
318,159,1979 USAF group,1979
319,160,1981 NASA group 8,1978
320,160,1981 NASA group 8,1978
321,161,NASA-8,1978
322,161,NASA-8,1978
323,161,NASA-8,1978
324,162,NASA Astronaut Group 8,1978
325,163,NASA- 8,1978
326,163,NASA- 8,1978
327,163,NASA- 8,1978
328,163,NASA- 8,1978
329,163,NASA- 8,1978
330,164,PS,1985
331,165,NASA Astronaut Group 8,1978
332,165,NASA Astronaut Group 8,1978
333,166,NASA- 5,1966
334,167,PS,1983
335,168,Spacelab-3 mission payload specialist,1984
336,169,NASA- 8,1978
337,169,NASA- 8,1978
338,169,NASA- 8,1978
339,170,NASA-8,1978
340,170,NASA-8,1978
341,170,NASA-8,1978
342,171,NASA- 8,1978
343,171,NASA- 8,1978
344,171,NASA- 8,1978
345,171,NASA- 8,1978
346,172,CNES-1,1980
347,173,Saudi-Arabia,1985
348,174,NASA- 9,1980
349,175,NASA- 6,1967
350,176,NASA- 6,1967
351,177,PS for Spacelab-2,1978
352,178,PS for Spacelab-2,1978
353,179,NASA- 8,1978
354,179,NASA- 8,1978
355,179,NASA- 8,1978
356,180,NASA- 9,1980
357,180,NASA- 9,1980
358,180,NASA- 9,1980
359,181,NASA- 9,1980
360,182,TsPK-6,1976
361,183,TsPK-6,1976
362,183,TsPK-6,1976
363,184,NASA Astronaut Group 9,1980
364,184,NASA Astronaut Group 11,1980
365,184,NASA Astronaut Group 12,1980
366,185,NASA- 9,1980
367,185,NASA- 10,1980
368,185,NASA- 11,1980
369,185,NASA- 12,1980
370,186,USAF group,1982
371,187,NASA- 9,1980
372,187,NASA- 9,1980
373,187,NASA- 9,1980
374,187,NASA- 9,1980
375,188,DLR-1,1982
376,189,DLR-1,1982
377,190,1978 ESA Group,1978
378,192,NASA-9,1980
379,192,NASA-9,1980
380,192,NASA-9,1980
381,192,NASA-9,1980
382,192,NASA-9,1980
383,193,NASA- 9,1980
384,194,1980 NASA group,1980
385,195,1985 NASA Group,1985
386,196,NASA- 9,1980
387,196,NASA- 9,1980
388,196,NASA- 9,1980
389,196,NASA- 9,1980
390,197,NASA- 9,1980
391,197,NASA- 9,1980
392,197,NASA- 9,1980
393,197,NASA- 9,1980
394,197,NASA- 9,1980
395,197,NASA- 9,1980
396,197,NASA- 9,1980
397,198,PS by RCA,1985
398,199,Congress Observer,1984
399,200,1980 NASA group 9,1980
400,201,PS by SAL,1984
401,202,1985 Teacher in Space,1985
402,204,TsPK-7,1978
403,204,TsPK-7,1978
404,204,TsPK-7,1978
405,205,Syria,1985
406,206,NPOE-4,1978
407,207,LII-1,1977
408,208,TsPK-6,1976
409,210,IMBP-1,1972
410,211,Afghanistan,1988
411,212,NPOE-7,1985
412,212,NPOE-7,1985
413,212,NPOE-7,1985
414,213,NASA Astronaut Group 9,1980
415,213,NASA Astronaut Group 9,1980
416,214,1984 NASA group 10,1984
417,214,1984 NASA group 10,1984
418,214,1984 NASA group 10,1984
419,214,1984 NASA group 10,1984
420,215,NASA- 9,1980
421,215,NASA- 9,1980
422,215,NASA- 9,1980
423,216,1980 NASA group,1980
424,217,NASA- 9,1980
425,217,NASA- 9,1980
426,218,NASA- 10,1984
427,218,NASA- 10,1984
428,218,NASA- 10,1984
429,219,NASA-9,1980
430,219,NASA-9,1980
431,219,NASA-9,1980
432,219,NASA-9,1980
433,220,NASA- 10,1984
434,220,NASA- 10,1984
435,221,NASA- 10,1984
436,221,NASA- 10,1984
437,222,NASA- 10,1984
438,223,NASA- 10,1984
439,223,NASA- 10,1984
440,223,NASA- 10,1984
441,225,1984 NASA group,1984
442,225,1984 NASA group,1984
443,226,1984 NASA group 10,1984
444,226,1984 NASA group 10,1984
445,226,1984 NASA group 10,1984
446,226,1984 NASA group 10,1984
447,226,1984 NASA group 10,1984
448,226,1984 NASA group 10,1984
449,227,NASA- 10,1984
450,227,NASA- 10,1984
451,227,NASA- 10,1984
452,227,NASA- 10,1984
453,228,NASA- 10,1984
454,228,NASA- 10,1984
455,228,NASA- 10,1984
456,230,NASA- 10,1984
457,230,NASA- 10,1984
458,230,NASA- 10,1984
459,231,1985 NASA group,1985
460,231,1985 NASA group,1985
461,231,1985 NASA group,1985
462,232,GKNII-2 / TsPK-9,1985
463,233,NASA- 11,1985
464,233,NASA- 11,1985
465,233,NASA- 11,1985
466,234,NASA- 12,1987
467,234,NASA- 13,1987
468,235,NASA- 12,1987
469,235,NASA- 12,1987
470,235,NASA- 12,1987
471,236,NASA- 10,1984
472,236,NASA- 10,1984
473,237,NASA- 11,1985
474,237,NASA- 11,1985
475,238,NASA Astronaut Group 11,1985
476,238,NASA Astronaut Group 11,1985
477,239,PS for Astro-1,1984
478,239,PS for Astro-2,1984
479,240,PS for Astro-1,1984
480,240,PS for Astro-1,1984
481,241,GKNII-2 / TsPK-9,1985
482,241,GKNII-2 / TsPK-9,1985
483,242,TBS,1989
484,243,NASA- 10,1984
485,243,NASA- 10,1984
486,244,NASA Astronaut Group 12,1985
487,244,NASA Astronaut Group 13,1985
488,244,NASA Astronaut Group 14,1985
489,245,NASA- 11,1985
490,245,NASA- 11,1985
491,246,NASA Astronaut Group 10,1984
492,246,NASA Astronaut Group 11,1984
493,247,NASA Astronaut Group 12,1987
494,247,NASA Astronaut Group 13,1987
495,247,NASA Astronaut Group 14,1987
496,247,NASA Astronaut Group 15,1987
497,248,NASA- 12,1987
498,248,NASA- 12,1987
499,248,NASA- 12,1987
500,249,1984 NASA group 10,1984
501,249,1984 NASA group 10,1984
502,250,NASA- 11,1985
503,250,NASA- 12,1985
504,250,NASA- 13,1985
505,252,1989 Juno,1989
506,253,NASA Astronaut Group 10,1984
507,253,NASA Astronaut Group 11,1984
508,254,NASA- 11,1985
509,254,NASA- 12,1985
510,254,NASA- 13,1985
511,254,NASA- 15,1985
512,255,Spacelab-4 / SLS-1,1984
513,256,NASA PS,1983
514,257,NASA- 11,1985
515,257,NASA- 11,1985
516,257,NASA- 11,1985
517,257,NASA- 11,1985
518,258,NASA-12,1987
519,258,NASA-12,1987
520,259,Kazakhstan,1991
521,260,Austria,1989
522,261,NASA- 11,1985
523,261,NASA- 12,1985
524,262,1987 NASA group,1987
525,262,1987 NASA group,1987
526,262,1987 NASA group,1987
527,262,1987 NASA group,1987
528,263,NASA-12,1987
529,263,NASA-12,1987
530,264,Terra Scout,1988
531,265,NASA-11,1985
532,265,NASA-11,1985
533,265,NASA-11,1985
534,266,NASA-12,1987
535,266,NASA-12,1987
536,267,1983 NRC Group,1983
537,268,NPOE-6,1984
538,268,NPOE-6,1984
539,269,DLR-3,1990
540,270,NASA- 11,1985
541,270,NASA- 11,1985
542,270,NASA- 11,1985
543,270,NASA- 11,1985
544,271,NASA- 12,1987
545,271,NASA- 12,1987
546,271,NASA- 12,1987
547,271,NASA- 12,1987
548,271,NASA- 12,1987
549,272,ATLAS-1,1985
550,273,NASA- 12,1987
551,273,NASA- 12,1987
552,273,NASA- 12,1987
553,274,NASA- 12,1987
554,274,NASA- 12,1987
555,274,NASA- 12,1987
556,275,United States Microgravity Labratory-1,1990
557,276,Spacelab-3,1983
558,277,NPOE-8,1987
559,278,CNES-2/EAC,1985
560,278,CNES-2/EAC,1985
561,279,NASA- 12,1987
562,279,NASA- 12,1987
563,279,NASA- 12,1987
564,280,1978 ESA Group,1978
565,280,1978 ESA Group,1978
566,280,1978 ESA Group,1978
567,280,1978 ESA Group,1978
568,282,NASA- 12,1987
569,282,NASA- 12,1987
570,282,NASA- 12,1987
571,282,NASA- 12,1987
572,282,NASA- 12,1987
573,283,NASA- 12,1987
574,283,NASA- 12,1987
575,283,NASA- 12,1987
576,284,NASA- 12,1987
577,285,NASDA-1,1985
578,286,1983 NRC Group,1983
579,286,1983 NRC Group,1983
580,287,NASA- 13,1990
581,287,NASA- 13,1990
582,287,NASA- 13,1990
583,288,NASA- 13,1990
584,288,NASA- 13,1990
585,288,NASA- 13,1990
586,289,NPOE-9,1989
587,290,NASA- 13,1990
588,290,NASA- 13,1990
589,290,NASA- 13,1990
590,291,NASA-13,1990
591,291,NASA-13,1990
592,291,NASA-13,1990
593,291,NASA-13,1990
594,292,NASA-13,1990
595,292,NASA-13,1990
596,292,NASA-13,1990
597,292,NASA-13,1990
598,293,NASA Astronaut Group 13,1990
599,293,NASA Astronaut Group 14,1990
600,294,DLR-2/EAC,1987
601,295,DLR-2/EAC,1987
602,295,DLR-2/EAC,1987
603,296,NASA- 13,1990
604,296,NASA- 13,1990
605,297,1990 NASA group,1990
606,297,1990 NASA group,1990
607,297,1990 NASA group,1990
608,297,1990 NASA group,1990
609,298,1990 NASA group,1990
610,298,1990 NASA group,1990
611,298,1990 NASA group,1990
612,299,TsPK-8,1987
613,299,TsPK-8,1987
614,300,CNES-2/EAC,1985
615,300,CNES-2/EAC,1985
616,301,NASA-13,1990
617,301,NASA-13,1990
618,301,NASA-13,1990
619,302,NASA- 13,1990
620,302,NASA- 13,1990
621,303,1990 NASA group,1990
622,303,1990 NASA group,1990
623,304,1990 NASA group 13,1990
624,304,1990 NASA group 13,1990
625,305,NASA- 13,1990
626,305,NASA- 13,1990
627,305,NASA- 13,1990
628,305,NASA- 13,1990
629,306,1990 NASA group,1990
630,306,1990 NASA group,1990
631,306,1990 NASA group,1990
632,307,PS for STS-58,1992
633,308,1989 NPOE Cosmonaut Group,1989
634,309,1990 NASA group 13,1990
635,309,1990 NASA group 13,1990
636,310,NASA- 13,1990
637,310,NASA- 14,1990
638,311,TsPK-8,1987
639,311,TsPK-8,1987
640,311,TsPK-8,1987
641,311,TsPK-8,1987
642,311,TsPK-8,1987
643,312,MGA/Kazakhstan,1990
644,312,MGA/Kazakhstan,1990
645,313,NASA Astronaut Group 13,1990
646,313,NASA Astronaut Group 14,1990
647,313,NASA Astronaut Group 16,1990
648,313,NASA Astronaut Group 17,1990
649,314,NASA- 13,1990
650,314,NASA- 13,1990
651,314,NASA- 13,1990
652,314,NASA- 13,1990
653,315,1990 NASA group,1990
654,315,1990 NASA group,1990
655,316,NASDA-1,1985
656,316,NASDA-1,1985
657,317,NASA- 14,1992
658,318,1990 NASA group,1990
659,318,1990 NASA group,1990
660,319,1992 NASA group,1992
661,319,1993 NASA group,1992
662,319,1994 NASA group,1992
663,319,1995 NASA group,1992
664,320,NPOE-9,1989
665,320,NPOE-9,1989
666,321,1992 NASA group,1992
667,321,1992 NASA group,1992
668,321,1992 NASA group,1992
669,322,CNES-2/ESA-2/EAC,1985
670,322,CNES-2/ESA-2/EAC,1985
671,322,CNES-2/ESA-2/EAC,1985
672,323,NASA-14,1992
673,323,NASA-14,1992
674,323,NASA-14,1992
675,323,NASA-14,1992
676,323,NASA-14,1992
677,324,NASA- 13,1990
678,324,NASA- 13,1990
679,324,NASA- 13,1990
680,324,NASA- 13,1990
681,325,NASA Astronaut Group 13,1990
682,326,NASA Astronaut Group 14,1992
683,326,NASA Astronaut Group 15,1992
684,326,NASA Astronaut Group 16,1992
685,326,NASA Astronaut Group 17,1992
686,326,NASA Astronaut Group 18,1992
687,327,NASA- 14,1992
688,327,NASA- 14,1992
689,327,NASA- 14,1992
690,327,NASA- 14,1992
691,328,TsPK-8,1987
692,328,TsPK-8,1987
693,331,1992 NASA group,1992
694,332,TsPK-8,1987
695,332,TsPK-8,1987
696,333,ESA-2/EAC,1992
697,334,NASA Astronaut Group 14,1992
698,334,NASA Astronaut Group 16,1992
699,334,NASA Astronaut Group 17,1992
700,335,NASA-14,1992
701,335,NASA-14,1992
702,335,NASA-14,1992
703,336,NASA- 14,1992
704,337,NASA- 15,1992
705,337,NASA- 16,1992
706,337,NASA- 17,1992
707,340,1992 CSA Group,1992
708,340,1992 CSA Group,1992
709,340,1992 CSA Group,1992
710,341,NASA- 14,1992
711,341,NASA- 15,1992
712,341,NASA- 17,1992
713,342,1992 NASA group 14,1992
714,343,NASDA-2,1992
715,343,NASDA-2,1992
716,343,NASDA-2,1992
717,343,NASDA-2,1992
718,344,NASA- 14,1992
719,344,NASA- 14,1992
720,344,NASA- 14,1992
721,345,TsPK-10,1989
722,346,NASA- 14,1992
723,346,NASA- 15,1992
724,346,NASA- 16,1992
725,346,NASA- 17,1992
726,347,1992 ESA Group,1992
727,348,1996 NASA Group,1996
728,348,1996 NASA Group,1996
729,349,1992 NASA group,1992
730,349,1992 NASA group,1992
731,350,NASA- 14,1992
732,350,NASA- 14,1992
733,355,CNES-2/EAC,1985
734,355,CNES-2/EAC,1985
735,356,NPOE-10,1992
736,357,DLR-3/EAC,1990
737,358,NASA- 15,1995
738,359,PS for STS-43,1995
739,360,PS for STS-43,1995
740,361,NASA-15,1995
741,362,NASA- 15,1995
742,362,NASA- 16,1995
743,363,NPOE-10,1992
744,364,NASA- 15,1994
745,364,NASA- 15,1994
746,365,NASA-15,1994
747,365,NASA-15,1994
748,365,NASA-15,1994
749,365,NASA-15,1994
750,366,1983 NRC Group,1983
751,367,NASA- 15,1994
752,367,NASA- 15,1994
753,368,NASA- 16,1995
754,368,NASA- 17,1995
755,368,NASA- 18,1995
756,368,NASA- 19,1995
757,369,NASA- 16,1994
758,370,NASDA-1,1985
759,373,NASA-15,1994
760,373,NASA-15,1994
761,374,NASA- 15,1994
762,375,TsPK-11,1990
763,376,CNES-3/EAC,1990
764,376,CNES-3/EAC,1990
765,377,NASA- 15,1994
766,377,NASA- 15,1994
767,377,NASA- 15,1994
768,378,NASA- 16,1995
769,379,1992 CSA Group,1992
770,382,NASA Astronaut Group 15,1995
771,382,NASA Astronaut Group 17,1995
772,382,NASA Astronaut Group 18,1995
773,383,NASA- 15,1995
774,383,NASA- 15,1995
775,384,TsPK-10,1989
776,384,TsPK-10,1989
777,385,1992 ESA Group,1992
778,385,Politician-2,1997
779,385,1992 ESA Group,1992
780,387,1994 NASA group 15,1995
781,387,1994 NASA group 15,1995
782,387,1994 NASA group 15,1995
783,388,Slovakia,1998
784,389,NASA- 15,1995
785,389,NASA- 16,1995
786,390,1992 CSA Group,1992
787,390,1992 CSA Group,1992
788,391,GKNII-3 / TsPK-12,1989
789,391,GKNII-3 / TsPK-12,1989
790,392,NASA-15,1995
791,392,NASA-15,1995
792,392,NASA-15,1995
793,393,NASA- 16,1996
794,393,NASA- 16,1996
795,393,NASA- 16,1996
796,395,TsPK-11,1990
797,396,1996 NASA group 8,1996
798,396,1996 NASA group 8,1996
799,396,1996 NASA group 8,1996
800,396,1996 NASA group 8,1996
801,397,NASA- 16,1996
802,397,NASA- 16,1996
803,397,NASA- 16,1996
804,397,NASA- 16,1996
805,398,NASA- 16,1996
806,398,NASA- 16,1996
807,399,IMBP-5,1989
808,400,NASA- 15,1995
809,400,NASA- 15,1995
810,400,NASA- 15,1995
811,401,NASA-16,1996
812,401,NASA-16,1996
813,402,NASA- 16,1996
814,402,NASA- 16,1996
815,403,NASA-16,1996
816,404,NASA-16,1996
817,404,NASA-16,1996
818,404,NASA-16,1996
819,405,TsPK-12,1997
820,405,TsPK-12,1997
821,405,TsPK-12,1997
822,407,NASA- 16,1996
823,407,NASA- 16,1996
824,407,NASA- 16,1996
825,408,NASA- 16,1996
826,408,NASA- 16,1996
827,408,NASA- 16,1996
828,409,NPOE-11,1994
829,409,NPOE-11,1994
830,409,NPOE-11,1994
831,410,RKKE-12,1996
832,411,NASA- 16,1996
833,411,NASA- 16,1996
834,411,NASA- 16,1996
835,411,NASA- 16,1996
836,412,1996 NASA group,1996
837,412,1996 NASA group,1996
838,413,NASA- 16,1996
839,414,NASA- 16,1996
840,414,NASA- 16,1996
841,415,NASA- 16,1996
842,415,NASA- 16,1996
843,416,1996 NASA group,1996
844,416,1996 NASA group,1996
845,416,1996 NASA group,1996
846,417,NASA- 16,1996
847,418,1998 ESA Group,1998
848,418,1998 ESA Group,1998
849,418,1998 ESA Group,1998
850,419,Space Tourist 2,2001
851,420,NASA- 16,1996
852,420,NASA- 17,1996
853,421,CNES-3/EAC,1990
854,422,1996 NASA group,1996
855,424,NASA- 16,1996
856,424,NASA- 16,1996
857,424,NASA- 16,1996
858,425,NASA-16,1996
859,425,NASA-16,1996
860,425,NASA-16,1996
861,426,RKKE-14,1997
862,426,RKKE-14,1997
863,427,EAC,1998
864,428,NASA- 16,1996
865,429,NASA-16,1996
866,430,NASA- 16,1996
867,431,NASA- 16,1996
868,432,NASA- 16,1996
869,433,1996 NASA Group,1996
870,434,China-1,2003
871,435,NASA- 16,1996
872,435,NASA- 16,1996
873,436,1998 ESA Group,1998
874,437,MKS,1996
875,438,NASDA-3,1996
876,439,NASA- 16,1996
877,440,,2004
878,441,China-1,2005
879,442,China-1,2005
880,442,China-1,2005
881,443,1998 NASA Group,1998
882,444,NASA- 17,1998
883,444,NASA- 17,1998
884,445,NASA-16,1996
885,446,1996 NASA group,1996
886,446,1996 NASA group,1996
887,446,1996 NASA group,1996
888,447,NASA- 17,1998
889,447,NASA- 17,1998
890,447,NASA- 17,1998
891,448,1963 NASA group 2,1996
892,448,1963 NASA group 2,1996
893,449,,2006
894,450,NASA-17,1998
895,451,NASA-17,1998
896,451,NASA-17,1998
897,452,1992 ESA Group,1992
898,452,1992 ESA Group,1992
899,453,NASA- 16,1996
900,454,1998 NASA group,1998
901,454,1998 NASA group,1998
902,456,,2006
903,456,,2006
904,457,NASA- 17,1998
905,457,NASA- 17,1998
906,458,1998 NASA group,1998
907,458,1998 NASA group,1998
908,459,NASA-17,1998
909,459,NASA-17,1998
910,460,NASA- 17,1998
911,461,NASA- 17,1998
912,461,NASA- 17,1998
913,462,NASA- 18,2000
914,462,NASA- 18,2000
915,463,NASA- 17,1998
916,464,2006 Angkasawan Program,2006
917,465,1998 NASA group,1998
918,465,1998 NASA group,1998
919,466,1998 NASA group,1998
920,467,1998 ESA Group,1998
921,468,NASA-17,1998
922,468,NASA-17,1998
923,469,NASA- 17,1998
924,469,NASA- 17,1998
925,470,NASA- 17,1998
926,471,NASA- 17,1998
927,471,NASA- 18,1998
928,472,NASA- 18,2000
929,472,NASA- 18,2000
930,473,NASA- 17,1998
931,473,NASA- 17,1998
932,474,NASA-17,1998
933,474,NASA-17,1998
934,475,TsPK-12,1997
935,476,MKS,1996
936,476,MKS,1996
937,477,South Korea,2006
938,478,NASA Astronaut Group 17,1998
939,478,NASA Astronaut Group 18,1998
940,479,NASA- 18,2000
941,479,NASA- 18,2000
942,480,NASA Astronaut Group 18,2000
943,480,NASA Astronaut Group 18,2000
944,481,NASDA-4,1999
945,481,NASDA-4,1999
946,482,NASA-17,1998
947,482,NASA-17,1998
948,483,China-1,2008
949,484,China-1,2008
950,485,China-1,2008
951,485,China-1,2008
952,485,China-1,2008
953,486,,2007
954,487,NASA- 18,2000
955,487,NASA- 18,2000
956,488,NASA- 18,2000
957,488,NASA- 18,2000
958,488,NASA- 18,2000
959,489,NASA- 19,2004
960,490,NASA- 18,2000
961,490,NASA- 18,2000
962,491,NASA- 19,2004
963,491,NASA- 19,2004
964,492,NASA- 19,2004
965,493,NASA- 18,2000
966,494,NASA- 17,1998
967,495,NASA Astronaut Group 18,2000
968,495,NASA Astronaut Group 19,2000
969,496,NASA- 18,2000
970,497,NASA- 18,2000
971,497,NASA- 18,2000
972,498,TsPK-12,1997
973,499,NASA- 18,2000
974,499,NASA- 19,2000
975,500,NASA- 19,2004
976,501,NASA- 19,2004
977,501,NASA- 19,2004
978,502,NASA- 18,2000
979,503,NASA- 18,2000
980,503,NASA- 18,2000
981,504,NASA- 19,2004
982,505,2000 NASA group,2000
983,506,TsPK-12,1997
984,507,Space Tourist,2009
985,508,2000 NASA group,2000
986,508,2000 NASA group,2000
987,509,NASA- 19,2004
988,510,2004 NASA Group 19,2004
989,512,2000 NASA group,2000
990,513,TsPK-12,1997
991,514,RKKE-14,1998
992,514,RKKE-14,1998
993,515,NASA- 19,2004
994,516,NASA- 19,2004
995,517,NASDA-4,1999
996,519,RKKE-14,1997
997,519,RKKE-14,1997
998,521,TsPK-13,2003
999,521,TsPK-13,2003
1000,522,RKKE-15,2003
1001,526,RKKE-12,1996
1002,527,China-1,2012
1003,528,China-2,2012
1004,529,TsPK-14,2006
1005,530,TsPK-13,2003
1006,532,2009 ESA Group,2009
1007,533,China-1,2013
1008,534,China-2,2013
1009,539,ESA-3/EAC,2009
1010,540,RKKE-15,2006
1011,544,ESA-3/EAC,2009
1012,545,Kzazkh Cosmonaut Group 1,2012
1013,546,2009 ESA Group,2009
1014,547,TsPK-14,2006
1015,547,TsPK-14,2006
1016,550,China-2,2010
1017,557,TsPK-15,2010
1018,558,NASA-20,2009
1019,559,NASA-21,2013
1020,560,CSA-3,2009
1021,561,NASA-21,2013
